afiq1.png,0
azureen1.png,1
gavin1.png,2
goke1.png,3
inamul1.png,4
jincheng1.png,5
mahmuda1.png,6
numan1.png,7
saseendran1.png,8
afiq2.png,0
azureen2.png,1
goke2.png,3
numan2.png,7
afiq3.png,0
azureen3.png,1
goke3.png,3
numan3.png,7
afiq4.png,0
azureen4.png,1
goke4.png,3
inamul4.png,4
mahmuda4.png,6
numan4.png,7
saseendran4.png,8
afiq5.png,0
azureen5.png,1
goke5.png,3
inamul5.png,4
mahmuda5.png,6
numan5.png,7
saseendran5.png,8
afiq6.png,0
azureen6.png,1
gavin6.png,2
goke6.png,3
mahmuda6.png,6
numan6.png,7
saseendran6.png,8
afiq7.png,0
azureen7.png,1
gavin7.png,2
goke7.png,3
inamul7.png,4
jincheng7.png,5
mahmuda7.png,6
numan7.png,7
saseendran7.png,8
afiq8.png,0
azureen8.png,1
goke8.png,3
inamul8.png,4
mahmuda8.png,6
numan8.png,7
azureen9.png,1
gavin9.png,2
goke9.png,3
mahmuda9.png,6
numan9.png,7
afiq10.png,0
azureen10.png,1
goke10.png,3
inamul10.png,4
mahmuda10.png,6
numan10.png,7
azureen11.png,1
gavin11.png,2
goke11.png,3
mahmuda11.png,6
numan11.png,7
saseendran11.png,8
afiq12.png,0
azureen12.png,1
gavin12.png,2
goke12.png,3
inamul12.png,4
jincheng12.png,5
mahmuda12.png,6
numan12.png,7
saseendran12.png,8
gavin13.png,2
goke13.png,3
mahmuda13.png,6
numan13.png,7
saseendran13.png,8
afiq14.png,0
azureen14.png,1
goke14.png,3
inamul14.png,4
numan14.png,7
azureen15.png,1
goke15.png,3
jincheng15.png,5
mahmuda15.png,6
saseendran15.png,8
azureen16.png,1
gavin16.png,2
goke16.png,3
mahmuda16.png,6
numan16.png,7
azureen17.png,1
gavin17.png,2
inamul17.png,4
mahmuda17.png,6
numan17.png,7
saseendran17.png,8
azureen18.png,1
jincheng18.png,5
azureen19.png,1
gavin19.png,2
goke19.png,3
jincheng19.png,5
mahmuda19.png,6
numan19.png,7
saseendran19.png,8
azureen20.png,1
gavin20.png,2
inamul20.png,4
saseendran20.png,8
azureen21.png,1
gavin21.png,2
goke21.png,3
inamul21.png,4
jincheng21.png,5
numan21.png,7
saseendran21.png,8
azureen22.png,1
gavin22.png,2
goke22.png,3
inamul22.png,4
mahmuda22.png,6
numan22.png,7
saseendran22.png,8
afiq23.png,0
azureen23.png,1
gavin23.png,2
goke23.png,3
inamul23.png,4
jincheng23.png,5
mahmuda23.png,6
numan23.png,7
saseendran23.png,8
azureen24.png,1
gavin24.png,2
goke24.png,3
mahmuda24.png,6
numan24.png,7
afiq25.png,0
azureen25.png,1
mahmuda25.png,6
afiq26.png,0
azureen26.png,1
gavin26.png,2
goke26.png,3
inamul26.png,4
jincheng26.png,5
mahmuda26.png,6
numan26.png,7
saseendran26.png,8
afiq27.png,0
azureen27.png,1
gavin27.png,2
goke27.png,3
inamul27.png,4
jincheng27.png,5
mahmuda27.png,6
numan27.png,7
saseendran27.png,8
afiq28.png,0
azureen28.png,1
gavin28.png,2
inamul28.png,4
jincheng28.png,5
mahmuda28.png,6
numan28.png,7
saseendran28.png,8
afiq29.png,0
azureen29.png,1
gavin29.png,2
goke29.png,3
inamul29.png,4
jincheng29.png,5
mahmuda29.png,6
numan29.png,7
saseendran29.png,8
afiq30.png,0
azureen30.png,1
mahmuda30.png,6
afiq31.png,0
azureen31.png,1
gavin31.png,2
goke31.png,3
inamul31.png,4
jincheng31.png,5
mahmuda31.png,6
numan31.png,7
saseendran31.png,8
afiq32.png,0
azureen32.png,1
gavin32.png,2
goke32.png,3
inamul32.png,4
jincheng32.png,5
mahmuda32.png,6
numan32.png,7
saseendran32.png,8
afiq33.png,0
azureen33.png,1
gavin33.png,2
goke33.png,3
inamul33.png,4
mahmuda33.png,6
numan33.png,7
afiq34.png,0
azureen34.png,1
gavin34.png,2
goke34.png,3
inamul34.png,4
jincheng34.png,5
mahmuda34.png,6
numan34.png,7
saseendran34.png,8
afiq35.png,0
gavin35.png,2
goke35.png,3
saseendran35.png,8
afiq36.png,0
azureen36.png,1
gavin36.png,2
goke36.png,3
inamul36.png,4
jincheng36.png,5
mahmuda36.png,6
numan36.png,7
saseendran36.png,8
afiq37.png,0
azureen37.png,1
gavin37.png,2
goke37.png,3
mahmuda37.png,6
numan37.png,7
saseendran37.png,8
afiq38.png,0
azureen38.png,1
gavin38.png,2
goke38.png,3
mahmuda38.png,6
numan38.png,7
saseendran38.png,8
afiq39.png,0
azureen39.png,1
gavin39.png,2
goke39.png,3
mahmuda39.png,6
numan39.png,7
saseendran39.png,8
afiq40.png,0
azureen40.png,1
gavin40.png,2
goke40.png,3
mahmuda40.png,6
numan40.png,7
saseendran40.png,8
afiq41.png,0
azureen41.png,1
gavin41.png,2
goke41.png,3
mahmuda41.png,6
numan41.png,7
saseendran41.png,8
afiq42.png,0
azureen42.png,1
gavin42.png,2
goke42.png,3
goke42.png,3
mahmuda42.png,6
numan42.png,7
saseendran42.png,8
afiq43.png,0
azureen43.png,1
gavin43.png,2
goke43.png,3
mahmuda43.png,6
numan43.png,7
saseendran43.png,8
afiq44.png,0
azureen44.png,1
gavin44.png,2
goke44.png,3
mahmuda44.png,6
numan44.png,7
saseendran44.png,8
afiq45.png,0
azureen45.png,1
goke45.png,3
jincheng45.png,5
mahmuda45.png,6
numan45.png,7
saseendran45.png,8
afiq46.png,0
azureen46.png,1
gavin46.png,2
goke46.png,3
inamul46.png,4
jincheng46.png,5
mahmuda46.png,6
numan46.png,7
saseendran46.png,8
afiq47.png,0
azureen47.png,1
goke47.png,3
inamul47.png,4
mahmuda47.png,6
numan47.png,7
afiq48.png,0
azureen48.png,1
gavin48.png,2
goke48.png,3
inamul48.png,4
jincheng48.png,5
mahmuda48.png,6
numan48.png,7
saseendran48.png,8
afiq49.png,0
azureen49.png,1
gavin49.png,2
goke49.png,3
inamul49.png,4
jincheng49.png,5
mahmuda49.png,6
numan49.png,7
saseendran49.png,8
afiq50.png,0
azureen50.png,1
goke50.png,3
inamul50.png,4
mahmuda50.png,6
numan50.png,7
afiq51.png,0
azureen51.png,1
gavin51.png,2
goke51.png,3
inamul51.png,4
jincheng51.png,5
mahmuda51.png,6
numan51.png,7
saseendran51.png,8
azureen52.png,1
gavin52.png,2
inamul52.png,4
mahmuda52.png,6
numan52.png,7
saseendran52.png,8
azureen53.png,1
gavin53.png,2
goke53.png,3
inamul53.png,4
jincheng53.png,5
mahmuda53.png,6
numan53.png,7
afiq54.png,0
azureen54.png,1
inamul54.png,4
jincheng54.png,5
mahmuda54.png,6
numan54.png,7
saseendran54.png,8
azureen55.png,1
gavin55.png,2
goke55.png,3
mahmuda55.png,6
numan55.png,7
afiq56.png,0
azureen56.png,1
gavin56.png,2
goke56.png,3
inamul56.png,4
jincheng56.png,5
mahmuda56.png,6
numan56.png,7
saseendran56.png,8
afiq57.png,0
azureen57.png,1
gavin57.png,2
goke57.png,3
inamul57.png,4
jincheng57.png,5
mahmuda57.png,6
numan57.png,7
saseendran57.png,8
afiq58.png,0
azureen58.png,1
gavin58.png,2
goke58.png,3
inamul58.png,4
jincheng58.png,5
mahmuda58.png,6
numan58.png,7
saseendran58.png,8
afiq59.png,0
azureen59.png,1
gavin59.png,2
goke59.png,3
inamul59.png,4
jincheng59.png,5
mahmuda59.png,6
saseendran59.png,8
afiq60.png,0
azureen60.png,1
gavin60.png,2
goke60.png,3
inamul60.png,4
jincheng60.png,5
mahmuda60.png,6
numan60.png,7
saseendran60.png,8
afiq61.png,0
azureen61.png,1
gavin61.png,2
goke61.png,3
inamul61.png,4
jincheng61.png,5
mahmuda61.png,6
numan61.png,7
saseendran61.png,8
azureen62.png,1
gavin62.png,2
goke62.png,3
mahmuda62.png,6
numan62.png,7
azureen63.png,1
gavin63.png,2
goke63.png,3
mahmuda63.png,6
numan63.png,7
